<?xml version="1.0"?>
<doc>
    <assembly>
        <name>MahApps.Metro.IconPacks.Ionicons</name>
    </assembly>
    <members>
        <member name="M:MahApps.Metro.IconPacks.Converter.PackIconIoniconsKindToImageConverter.GetPathData(System.Object)">
            <inheritdoc />
        </member>
        <member name="T:MahApps.Metro.IconPacks.PackIconIonicons">
            <summary>
            Ionicons is licensed under the [MIT license](<see><cref>https://github.com/ionic-team/ionicons/blob/master/LICENSE</cref></see>).
            Contributions, corrections and requests can be made on GitHub <see><cref>https://github.com/ionic-team/ionicons</cref></see>.
            </summary>
        </member>
        <member name="P:MahApps.Metro.IconPacks.PackIconIonicons.Kind">
            <summary>
            Gets or sets the icon to display.
            </summary>
        </member>
        <member name="T:MahApps.Metro.IconPacks.PackIconIoniconsDataFactory">
            ******************************************
            This code is auto generated. Do not amend.
            ******************************************
        </member>
        <member name="M:MahApps.Metro.IconPacks.IoniconsImageExtension.GetPathData(System.Object)">
            <inheritdoc />
        </member>
        <member name="T:MahApps.Metro.IconPacks.PackIconIoniconsKind">
            ******************************************
            This code is auto generated. Do not amend.
            ******************************************
            <summary>
            List of available icons for use with <see cref="T:MahApps.Metro.IconPacks.PackIconIonicons" />.
            </summary>
            <remarks>
            Ionicons is licensed under the [MIT license](<see><cref>https://github.com/ionic-team/ionicons/blob/master/LICENSE</cref></see>).
            Contributions, corrections and requests can be made on GitHub <see><cref>https://github.com/ionic-team/ionicons</cref></see>.
            </remarks>
        </member>
    </members>
</doc>
