<?xml version="1.0"?>
<doc>
    <assembly>
        <name>MahApps.Metro.IconPacks.Octicons</name>
    </assembly>
    <members>
        <member name="M:MahApps.Metro.IconPacks.Converter.PackIconOcticonsKindToImageConverter.GetPathData(System.Object)">
            <inheritdoc />
        </member>
        <member name="T:MahApps.Metro.IconPacks.PackIconOcticons">
            <summary>
            All icons sourced from GitHub Octicons - <see><cref>https://octicons.github.com</cref></see> - 
            <see><cref>https://github.com/primer/octicons/blob/master/LICENSE</cref></see>.
            </summary>
        </member>
        <member name="P:MahApps.Metro.IconPacks.PackIconOcticons.Kind">
            <summary>
            Gets or sets the icon to display.
            </summary>
        </member>
        <member name="T:MahApps.Metro.IconPacks.PackIconOcticonsDataFactory">
            ******************************************
            This code is auto generated. Do not amend.
            ******************************************
        </member>
        <member name="M:MahApps.Metro.IconPacks.OcticonsImageExtension.GetPathData(System.Object)">
            <inheritdoc />
        </member>
        <member name="T:MahApps.Metro.IconPacks.PackIconOcticonsKind">
            ******************************************
            This code is auto generated. Do not amend.
            ******************************************
            <summary>
            List of available icons for use with <see cref="T:MahApps.Metro.IconPacks.PackIconOcticons" />.
            </summary>
            <remarks>
            All icons sourced from GitHub Octicons - <see><cref>https://octicons.github.com</cref></see> - 
            <see><cref>https://github.com/primer/octicons/blob/master/LICENSE</cref></see>.
            </remarks>
        </member>
    </members>
</doc>
