<?xml version="1.0"?>
<doc>
    <assembly>
        <name>MahApps.Metro.IconPacks.SimpleIcons</name>
    </assembly>
    <members>
        <member name="M:MahApps.Metro.IconPacks.Converter.PackIconSimpleIconsKindToImageConverter.GetPathData(System.Object)">
            <inheritdoc />
        </member>
        <member name="T:MahApps.Metro.IconPacks.PackIconSimpleIcons">
            <summary>
            All SVG icons for popular brands, maintained by Dan Leech <see><cref>https://twitter.com/bathtype</cref></see>.
            Contributions, corrections and requests can be made on GitHub <see><cref>https://github.com/danleech/simple-icons</cref></see>.
            </summary>
        </member>
        <member name="P:MahApps.Metro.IconPacks.PackIconSimpleIcons.Kind">
            <summary>
            Gets or sets the icon to display.
            </summary>
        </member>
        <member name="T:MahApps.Metro.IconPacks.PackIconSimpleIconsDataFactory">
            ******************************************
            This code is auto generated. Do not amend.
            ******************************************
        </member>
        <member name="M:MahApps.Metro.IconPacks.SimpleIconsImageExtension.GetPathData(System.Object)">
            <inheritdoc />
        </member>
        <member name="T:MahApps.Metro.IconPacks.PackIconSimpleIconsKind">
            ******************************************
            This code is auto generated. Do not amend.
            ******************************************
            <summary>
            List of available icons for use with <see cref="T:MahApps.Metro.IconPacks.PackIconSimpleIcons" />.
            </summary>
            <remarks>
            All SVG icons for popular brands, maintained by Dan Leech <see><cref>https://twitter.com/bathtype</cref></see>.
            Contributions, corrections and requests can be made on GitHub <see><cref>https://github.com/danleech/simple-icons</cref></see>.
            </remarks>
        </member>
    </members>
</doc>
